﻿<?xml version="1.0" encoding="utf-8"?>
<abapGit version="v1.0.0" serializer="LCL_OBJECT_SRVB" serializer_version="v1.0.0">
 <asx:abap xmlns:asx="http://www.sap.com/abapxml" version="1.0">
  <asx:values>
   <SRVB>
    <METADATA>
     <NAME>/DMO/UI_TRAVEL_D_D_O4</NAME>
     <TYPE>SRVB/SVB</TYPE>
     <DESCRIPTION>Service Binding Travel Draft Scenario draft projection)</DESCRIPTION>
    </METADATA>
    <CONTENT>
     <BIND_TYPE_IMPL>
      <NAME>/DMO/UI_TRAVEL_D_D_O4</NAME>
     </BIND_TYPE_IMPL>
     <BIND_TYPE>ODATA</BIND_TYPE>
     <BIND_TYPE_VERSION>V4</BIND_TYPE_VERSION>
     <SERVICES>
      <item>
       <SERVICE_NAME>/DMO/UI_TRAVEL_D_D</SERVICE_NAME>
       <SERVICE_CONTENT>
        <item>
         <SERVICE_VERSION>0001</SERVICE_VERSION>
         <RELEASE_STATE>NOT_RELEASED</RELEASE_STATE>
         <SRVD_REF>
          <URI>/sap/bc/adt/ddic/srvd/sources/%2fdmo%2fui_travel_d_d</URI>
          <TYPE>SRVD/SRV</TYPE>
          <NAME>/DMO/UI_TRAVEL_D_D</NAME>
         </SRVD_REF>
         <BIND_TYPE_DATA>
          <CONTENT>
           <ENCODING>base64</ENCODING>
          </CONTENT>
         </BIND_TYPE_DATA>
        </item>
       </SERVICE_CONTENT>
      </item>
     </SERVICES>
    </CONTENT>
    <CONTRACT>C1</CONTRACT>
    <RELEASE_SUPPORTED>true</RELEASE_SUPPORTED>
    <PUBLISHED>true</PUBLISHED>
    <BINDING_CREATED>true</BINDING_CREATED>
    <ALLOWED_ACTION>UNPUBLISH</ALLOWED_ACTION>
   </SRVB>
  </asx:values>
 </asx:abap>
</abapGit>
