﻿<?xml version="1.0" encoding="utf-8"?>
<abapGit version="v1.0.0" serializer="LCL_OBJECT_ENHO" serializer_version="v1.0.0">
 <asx:abap xmlns:asx="http://www.sap.com/abapxml" version="1.0">
  <asx:values>
   <TOOL>BADI_IMPL</TOOL>
   <SHORTTEXT>BAdI Implementation of data generator in draft package</SHORTTEXT>
   <SPOT_NAME>/DMO/DATA_GENERATION_ENH_SPOT</SPOT_NAME>
   <IMPL>
    <ENH_BADI_IMPL_DATA>
     <SPOT_NAME>/DMO/DATA_GENERATION_ENH_SPOT</SPOT_NAME>
     <BADI_NAME>/DMO/DATA_GENERATION_BADI</BADI_NAME>
     <IMPL_NAME>/DMO/DATA_GEN_BADI_DRAFT</IMPL_NAME>
     <IMPL_CLASS>/DMO/CL_DATA_GENERATOR_DRAFT</IMPL_CLASS>
     <ACTIVE>X</ACTIVE>
     <IMPL_SHORTTEXT>Data generation in package draft</IMPL_SHORTTEXT>
     <IMPL_SHORTTEXT_ID>7CFE90B75C701EEB8EDC524F0839896B</IMPL_SHORTTEXT_ID>
     <LOCKED_IN_CUSTOMIZING>X</LOCKED_IN_CUSTOMIZING>
    </ENH_BADI_IMPL_DATA>
   </IMPL>
   <SOTR>
    <item>
     <HEADER>
      <CONCEPT>7CFE90B75C701EEB8EDC4264B8BA88F4</CONCEPT>
      <CREA_LAN>E</CREA_LAN>
      <TRALA_TYPE>1</TRALA_TYPE>
      <OBJID_VEC>AAI=</OBJID_VEC>
     </HEADER>
     <ENTRIES>
      <SOTR_TEXT>
       <CONCEPT>7CFE90B75C701EEB8EDC4264B8BA88F4</CONCEPT>
       <LANGU>E</LANGU>
       <LFD_NUM>0001</LFD_NUM>
       <FLAG_CNTXT>X</FLAG_CNTXT>
       <STATUS>R</STATUS>
       <LENGTH>255</LENGTH>
       <TEXT>BAdI Implementation of data generator in draft package</TEXT>
      </SOTR_TEXT>
     </ENTRIES>
    </item>
    <item>
     <HEADER>
      <CONCEPT>7CFE90B75C701EEB8EDC524F0839896B</CONCEPT>
      <CREA_LAN>E</CREA_LAN>
      <TRALA_TYPE>1</TRALA_TYPE>
      <OBJID_VEC>AAI=</OBJID_VEC>
     </HEADER>
     <ENTRIES>
      <SOTR_TEXT>
       <CONCEPT>7CFE90B75C701EEB8EDC524F0839896B</CONCEPT>
       <LANGU>E</LANGU>
       <LFD_NUM>0001</LFD_NUM>
       <FLAG_CNTXT>X</FLAG_CNTXT>
       <STATUS>R</STATUS>
       <LENGTH>255</LENGTH>
       <TEXT>Data generation in package draft</TEXT>
      </SOTR_TEXT>
     </ENTRIES>
    </item>
   </SOTR>
   <SOTR_USE>
    <SOTR_USE>
     <PGMID>R3TR</PGMID>
     <OBJECT>ENHO</OBJECT>
     <OBJ_NAME>/DMO/DATA_GENERATION_DRAFT</OBJ_NAME>
     <CONCEPT>7CFE90B75C701EEB8EDC4264B8BA88F4</CONCEPT>
     <LFD_NUM>0001</LFD_NUM>
    </SOTR_USE>
    <SOTR_USE>
     <PGMID>R3TR</PGMID>
     <OBJECT>ENHO</OBJECT>
     <OBJ_NAME>/DMO/DATA_GENERATION_DRAFT</OBJ_NAME>
     <CONCEPT>7CFE90B75C701EEB8EDC524F0839896B</CONCEPT>
     <LFD_NUM>0001</LFD_NUM>
    </SOTR_USE>
   </SOTR_USE>
  </asx:values>
 </asx:abap>
</abapGit>
