﻿<?xml version="1.0" encoding="utf-8"?>
<abapGit version="v1.0.0" serializer="LCL_OBJECT_BDEF" serializer_version="v1.0.0">
 <asx:abap xmlns:asx="http://www.sap.com/abapxml" version="1.0">
  <asx:values>
   <BDEF>
    <NAME>/DMO/I_TRAVEL_D</NAME>
    <TYPE>BDEF/BDO</TYPE>
    <DESCRIPTION>Behavior for /DMO/I_TRAVEL_D</DESCRIPTION>
    <DESCRIPTION_TEXT_LIMIT>60</DESCRIPTION_TEXT_LIMIT>
    <LANGUAGE>EN</LANGUAGE>
    <LINKS>
     <item>
      <HREF>./%2Fdmo%2Fi_travel_d/source/main/versions</HREF>
      <REL>http://www.sap.com/adt/relations/versions</REL>
      <TITLE>Historic versions</TITLE>
     </item>
     <item>
      <HREF>/sap/bc/adt/repository/informationsystem/abaplanguageversions?uri=%2Fsap%2Fbc%2Fadt%2Fbo%2Fbehaviordefinitions%2F%252fdmo%252fi_travel_d</HREF>
      <REL>http://www.sap.com/adt/relations/informationsystem/abaplanguageversions</REL>
      <TYPE>application/vnd.sap.adt.nameditems.v1+xml</TYPE>
      <TITLE>Allowed ABAP language versions</TITLE>
     </item>
     <item>
      <HREF>./%2Fdmo%2Fi_travel_d/source/main</HREF>
      <REL>http://www.sap.com/adt/relations/source</REL>
      <TYPE>text/plain</TYPE>
      <TITLE>Source Content</TITLE>
     </item>
     <item>
      <HREF>./%2Fdmo%2Fi_travel_d/source/main</HREF>
      <REL>http://www.sap.com/adt/relations/source</REL>
      <TYPE>text/html</TYPE>
      <TITLE>Source Content (HTML)</TITLE>
     </item>
    </LINKS>
    <MASTER_LANGUAGE>EN</MASTER_LANGUAGE>
    <ABAP_LANGU_VERSION>X</ABAP_LANGU_VERSION>
    <SOURCE_URI>./%2Fdmo%2Fi_travel_d/source/main</SOURCE_URI>
    <SOURCE_TYPE>ABAP_SOURCE</SOURCE_TYPE>
    <SOURCE_FIXED_POINT_ARITHMETIC>true</SOURCE_FIXED_POINT_ARITHMETIC>
    <SOURCE_UNICODE_CHECKS_ACTIVE>true</SOURCE_UNICODE_CHECKS_ACTIVE>
   </BDEF>
  </asx:values>
 </asx:abap>
</abapGit>
