﻿<?xml version="1.0" encoding="utf-8"?>
<abapGit version="v1.0.0" serializer="LCL_OBJECT_ENHS" serializer_version="v1.0.0">
 <asx:abap xmlns:asx="http://www.sap.com/abapxml" version="1.0">
  <asx:values>
   <TOOL>BADI_DEF</TOOL>
   <SHORTTEXT>Enhancement Spot for the DataGenerator in /DMO/FLIGHT</SHORTTEXT>
   <BADI_DATA>
    <ENH_BADI_DATA>
     <BADI_NAME>/DMO/DATA_GENERATION_BADI</BADI_NAME>
     <INTERFACE_NAME>/DMO/IF_DATA_GENERATION_BADI</INTERFACE_NAME>
     <CONTEXT_MODE>N</CONTEXT_MODE>
     <BADI_SHORTTEXT>BAdI to be called after the legecy data has been generated</BADI_SHORTTEXT>
     <BADI_SHORTTEXT_ID>7CFE90B75C701EDB8EDAA0498DFFDF3E</BADI_SHORTTEXT_ID>
    </ENH_BADI_DATA>
   </BADI_DATA>
   <SOTR>
    <item>
     <HEADER>
      <CONCEPT>7CFE90B75C701EDB8EDA9162A5F47EC2</CONCEPT>
      <CREA_LAN>E</CREA_LAN>
      <TRALA_TYPE>1</TRALA_TYPE>
      <OBJID_VEC>AAE=</OBJID_VEC>
     </HEADER>
     <ENTRIES>
      <SOTR_TEXT>
       <CONCEPT>7CFE90B75C701EDB8EDA9162A5F47EC2</CONCEPT>
       <LANGU>E</LANGU>
       <LFD_NUM>0001</LFD_NUM>
       <FLAG_CNTXT>X</FLAG_CNTXT>
       <STATUS>R</STATUS>
       <LENGTH>255</LENGTH>
       <TEXT>Enhancement Spot for the DataGenerator in /DMO/FLIGHT</TEXT>
      </SOTR_TEXT>
     </ENTRIES>
    </item>
    <item>
     <HEADER>
      <CONCEPT>7CFE90B75C701EDB8EDAA0498DFFDF3E</CONCEPT>
      <CREA_LAN>E</CREA_LAN>
      <TRALA_TYPE>1</TRALA_TYPE>
      <OBJID_VEC>AAE=</OBJID_VEC>
     </HEADER>
     <ENTRIES>
      <SOTR_TEXT>
       <CONCEPT>7CFE90B75C701EDB8EDAA0498DFFDF3E</CONCEPT>
       <LANGU>E</LANGU>
       <LFD_NUM>0001</LFD_NUM>
       <FLAG_CNTXT>X</FLAG_CNTXT>
       <STATUS>R</STATUS>
       <LENGTH>255</LENGTH>
       <TEXT>BAdI to be called after the legecy data has been generated</TEXT>
      </SOTR_TEXT>
     </ENTRIES>
    </item>
   </SOTR>
   <SOTR_USE>
    <SOTR_USE>
     <PGMID>R3TR</PGMID>
     <OBJECT>ENHS</OBJECT>
     <OBJ_NAME>/DMO/DATA_GENERATION_ENH_SPOT</OBJ_NAME>
     <CONCEPT>7CFE90B75C701EDB8EDA9162A5F47EC2</CONCEPT>
     <LFD_NUM>0001</LFD_NUM>
    </SOTR_USE>
    <SOTR_USE>
     <PGMID>R3TR</PGMID>
     <OBJECT>ENHS</OBJECT>
     <OBJ_NAME>/DMO/DATA_GENERATION_ENH_SPOT</OBJ_NAME>
     <CONCEPT>7CFE90B75C701EDB8EDAA0498DFFDF3E</CONCEPT>
     <LFD_NUM>0001</LFD_NUM>
    </SOTR_USE>
   </SOTR_USE>
  </asx:values>
 </asx:abap>
</abapGit>
