﻿<?xml version="1.0" encoding="utf-8"?>
<abapGit version="v1.0.0" serializer="LCL_OBJECT_TTYP" serializer_version="v1.0.0">
 <asx:abap xmlns:asx="http://www.sap.com/abapxml" version="1.0">
  <asx:values>
   <DD40V>
    <TYPENAME>/DMO/T_BOOKING</TYPENAME>
    <DDLANGUAGE>E</DDLANGUAGE>
    <ROWTYPE>/DMO/BOOKING</ROWTYPE>
    <ROWKIND>S</ROWKIND>
    <DATATYPE>STRU</DATATYPE>
    <ACCESSMODE>S</ACCESSMODE>
    <KEYDEF>K</KEYDEF>
    <KEYKIND>U</KEYKIND>
    <KEYFDCOUNT>0002</KEYFDCOUNT>
    <DDTEXT>Table type of /DMO/BOOKING</DDTEXT>
   </DD40V>
   <DD42V>
    <DD42V>
     <TYPENAME>/DMO/T_BOOKING</TYPENAME>
     <KEYFDPOS>0001</KEYFDPOS>
     <ROWTYPEPOS>0002</ROWTYPEPOS>
     <KEYFIELD>TRAVEL_ID</KEYFIELD>
    </DD42V>
    <DD42V>
     <TYPENAME>/DMO/T_BOOKING</TYPENAME>
     <KEYFDPOS>0002</KEYFDPOS>
     <ROWTYPEPOS>0003</ROWTYPEPOS>
     <KEYFIELD>BOOKING_ID</KEYFIELD>
    </DD42V>
   </DD42V>
  </asx:values>
 </asx:abap>
</abapGit>
