﻿<?xml version="1.0" encoding="utf-8"?>
<abapGit version="v1.0.0" serializer="LCL_OBJECT_DOMA" serializer_version="v1.0.0">
 <asx:abap xmlns:asx="http://www.sap.com/abapxml" version="1.0">
  <asx:values>
   <DD01V>
    <DOMNAME>/DMO/SUPPLEMENT_CATEGORY</DOMNAME>
    <DDLANGUAGE>E</DDLANGUAGE>
    <DATATYPE>CHAR</DATATYPE>
    <LENG>000002</LENG>
    <OUTPUTLEN>000002</OUTPUTLEN>
    <VALEXI>X</VALEXI>
    <ENTITYTAB>/DMO/SUPPLCAT</ENTITYTAB>
    <DDTEXT>Supplement Category</DDTEXT>
    <DOMMASTER>E</DOMMASTER>
   </DD01V>
   <DD07V_TAB>
    <DD07V>
     <VALPOS>0001</VALPOS>
     <DDLANGUAGE>E</DDLANGUAGE>
     <DOMVALUE_L>BV</DOMVALUE_L>
     <DDTEXT>Beverage</DDTEXT>
    </DD07V>
    <DD07V>
     <VALPOS>0002</VALPOS>
     <DDLANGUAGE>E</DDLANGUAGE>
     <DOMVALUE_L>ML</DOMVALUE_L>
     <DDTEXT>Meal</DDTEXT>
    </DD07V>
    <DD07V>
     <VALPOS>0003</VALPOS>
     <DDLANGUAGE>E</DDLANGUAGE>
     <DOMVALUE_L>LU</DOMVALUE_L>
     <DDTEXT>Luggage</DDTEXT>
    </DD07V>
    <DD07V>
     <VALPOS>0004</VALPOS>
     <DDLANGUAGE>E</DDLANGUAGE>
     <DOMVALUE_L>EX</DOMVALUE_L>
     <DDTEXT>Extra</DDTEXT>
    </DD07V>
   </DD07V_TAB>
  </asx:values>
 </asx:abap>
</abapGit>
