﻿<?xml version="1.0" encoding="utf-8"?>
<abapGit version="v1.0.0" serializer="LCL_OBJECT_NROB" serializer_version="v1.0.0">
 <asx:abap xmlns:asx="http://www.sap.com/abapxml" version="1.0">
  <asx:values>
   <ATTRIBUTES>
    <OBJECT>/DMO/SUPPL</OBJECT>
    <DTELSOBJ>/DMO/SUPPLEMENT_CATEGORY</DTELSOBJ>
    <DOMLEN>/DMO/SUPPLEMENT_ID</DOMLEN>
    <PERCENTAGE>10.0</PERCENTAGE>
    <BUFFER>X</BUFFER>
    <NOIVBUFFER>00000001</NOIVBUFFER>
    <NONRSWAP>X</NONRSWAP>
    <UNAME>REICHERTGE</UNAME>
    <UDATE>2022-02-03</UDATE>
    <UTIME>07:54:00</UTIME>
   </ATTRIBUTES>
   <TEXT>
    <LANGU>E</LANGU>
    <OBJECT>/DMO/SUPPL</OBJECT>
    <TXT>Supplement</TXT>
    <TXTSHORT>Supplement</TXTSHORT>
   </TEXT>
  </asx:values>
 </asx:abap>
</abapGit>
