﻿<?xml version="1.0" encoding="utf-8"?>
<abapGit version="v1.0.0" serializer="LCL_OBJECT_DOMA" serializer_version="v1.0.0">
 <asx:abap xmlns:asx="http://www.sap.com/abapxml" version="1.0">
  <asx:values>
   <DD01V>
    <DOMNAME>/DMO/ATTACHMENT</DOMNAME>
    <DDLANGUAGE>E</DDLANGUAGE>
    <DATATYPE>RSTR</DATATYPE>
    <DDTEXT>Attachment</DDTEXT>
    <DOMMASTER>E</DOMMASTER>
    <ABAP_LANGUAGE_VERSION>5</ABAP_LANGUAGE_VERSION>
   </DD01V>
   <DD01L_EXTRA>
    <ABAP_LANGUAGE_VERSION>5</ABAP_LANGUAGE_VERSION>
   </DD01L_EXTRA>
  </asx:values>
 </asx:abap>
</abapGit>
