﻿<?xml version="1.0" encoding="utf-8"?>
<abapGit version="v1.0.0" serializer="LCL_OBJECT_NROB" serializer_version="v1.0.0">
 <asx:abap xmlns:asx="http://www.sap.com/abapxml" version="1.0">
  <asx:values>
   <ATTRIBUTES>
    <OBJECT>/DMO/AGNHD</OBJECT>
    <DOMLEN>/DMO/AGENCY_ID</DOMLEN>
    <PERCENTAGE>10.0</PERCENTAGE>
    <BUFFER>X</BUFFER>
    <NOIVBUFFER>00000001</NOIVBUFFER>
    <UNAME>DREES</UNAME>
    <UDATE>2025-04-01</UDATE>
    <UTIME>08:56:16</UTIME>
   </ATTRIBUTES>
   <TEXT>
    <LANGU>E</LANGU>
    <OBJECT>/DMO/AGNHD</OBJECT>
    <TXT>Hierarchy: Draft: Agency ID</TXT>
    <TXTSHORT>Hierarchy: Draft:...</TXTSHORT>
   </TEXT>
  </asx:values>
 </asx:abap>
</abapGit>
